<annotation>
	<folder>my-project-name</folder>
	<filename>Murilo_O42_A8.png</filename>
	<path>/my-project-name/Murilo_O42_A8.png</path>
	<source>
		<database>Unspecified</database>
	</source>
	<size>
		<width>135</width>
		<height>180</height>
		<depth>3</depth>
	</size>
	<object>
		<name>Murilo</name>
		<pose>Unspecified</pose>
		<truncated>0</truncated>
		<difficult>0</difficult>
		<bndbox>
			<xmin>0</xmin>
			<ymin>1</ymin>
			<xmax>128</xmax>
			<ymax>177</ymax>
		</bndbox>
	</object>
</annotation>