<annotation>
	<folder>my-project-name</folder>
	<filename>Murilo_O10_A11.png</filename>
	<path>/my-project-name/Murilo_O10_A11.png</path>
	<source>
		<database>Unspecified</database>
	</source>
	<size>
		<width>225</width>
		<height>300</height>
		<depth>3</depth>
	</size>
	<object>
		<name>Murilo</name>
		<pose>Unspecified</pose>
		<truncated>0</truncated>
		<difficult>0</difficult>
		<bndbox>
			<xmin>3</xmin>
			<ymin>81</ymin>
			<xmax>170</xmax>
			<ymax>269</ymax>
		</bndbox>
	</object>
</annotation>