<annotation>
	<folder>my-project-name</folder>
	<filename>Murilo_O35_A9.png</filename>
	<path>/my-project-name/Murilo_O35_A9.png</path>
	<source>
		<database>Unspecified</database>
	</source>
	<size>
		<width>312</width>
		<height>388</height>
		<depth>3</depth>
	</size>
	<object>
		<name>Murilo</name>
		<pose>Unspecified</pose>
		<truncated>0</truncated>
		<difficult>0</difficult>
		<bndbox>
			<xmin>117</xmin>
			<ymin>92</ymin>
			<xmax>210</xmax>
			<ymax>340</ymax>
		</bndbox>
	</object>
</annotation>