<annotation>
	<folder>my-project-name</folder>
	<filename>Murilo_O7_A9.png</filename>
	<path>/my-project-name/Murilo_O7_A9.png</path>
	<source>
		<database>Unspecified</database>
	</source>
	<size>
		<width>235</width>
		<height>366</height>
		<depth>3</depth>
	</size>
	<object>
		<name>Murilo</name>
		<pose>Unspecified</pose>
		<truncated>0</truncated>
		<difficult>0</difficult>
		<bndbox>
			<xmin>71</xmin>
			<ymin>126</ymin>
			<xmax>197</xmax>
			<ymax>286</ymax>
		</bndbox>
	</object>
</annotation>