<annotation>
	<folder>my-project-name</folder>
	<filename>Murilo_O39_A9.png</filename>
	<path>/my-project-name/Murilo_O39_A9.png</path>
	<source>
		<database>Unspecified</database>
	</source>
	<size>
		<width>235</width>
		<height>366</height>
		<depth>3</depth>
	</size>
	<object>
		<name>Murilo</name>
		<pose>Unspecified</pose>
		<truncated>0</truncated>
		<difficult>0</difficult>
		<bndbox>
			<xmin>36</xmin>
			<ymin>52</ymin>
			<xmax>202</xmax>
			<ymax>335</ymax>
		</bndbox>
	</object>
</annotation>