<annotation>
	<folder>my-project-name</folder>
	<filename>Murilo_O36_A9.png</filename>
	<path>/my-project-name/Murilo_O36_A9.png</path>
	<source>
		<database>Unspecified</database>
	</source>
	<size>
		<width>315</width>
		<height>390</height>
		<depth>3</depth>
	</size>
	<object>
		<name>Murilo</name>
		<pose>Unspecified</pose>
		<truncated>0</truncated>
		<difficult>0</difficult>
		<bndbox>
			<xmin>117</xmin>
			<ymin>71</ymin>
			<xmax>189</xmax>
			<ymax>342</ymax>
		</bndbox>
	</object>
</annotation>